/*
Navicat MySQL Data Transfer

Source Server         : MySQL
Source Server Version : 50711
Source Host           : localhost:3306
Source Database       : traindb

Target Server Type    : MYSQL
Target Server Version : 50711
File Encoding         : 65001

Date: 2016-11-19 00:46:31
*/

SET FOREIGN_KEY_CHECKS=0;

-- ----------------------------
-- Table structure for account
-- ----------------------------
DROP TABLE IF EXISTS `account`;
CREATE TABLE `account` (
  `id` varchar(32) NOT NULL,
  `username` varchar(32) DEFAULT NULL,
  `password` varchar(32) DEFAULT NULL,
  `name` varchar(32) DEFAULT NULL,
  `email` varchar(32) DEFAULT NULL,
  `phone` varchar(32) DEFAULT NULL,
  `type` int(11) DEFAULT NULL,
  `person` varchar(255) DEFAULT NULL,
  `createdAt` date DEFAULT NULL,
  `updatedAt` date DEFAULT NULL,
  PRIMARY KEY (`id`)
) ENGINE=InnoDB DEFAULT CHARSET=utf8;

-- ----------------------------
-- Records of account
-- ----------------------------
INSERT INTO `account` VALUES ('320204199403163512', 'yp2', '1234', 'dfhjsdj', '379991877@qq.com', '18626056012', '1', '0', '2016-05-19', '2016-05-19');
INSERT INTO `account` VALUES ('32020419940316351X', 'yp', '1234', '杨派', '379991877@qq.com', '18626056012', '1', '2,3,4', '2016-05-05', '2016-05-20');

-- ----------------------------
-- Table structure for admin
-- ----------------------------
DROP TABLE IF EXISTS `admin`;
CREATE TABLE `admin` (
  `username` varchar(32) NOT NULL,
  `password` varchar(32) DEFAULT NULL,
  `createdAt` date DEFAULT NULL,
  `updatedAt` date DEFAULT NULL,
  PRIMARY KEY (`username`)
) ENGINE=InnoDB DEFAULT CHARSET=utf8;

-- ----------------------------
-- Records of admin
-- ----------------------------
INSERT INTO `admin` VALUES ('yp', '1234', '2016-04-23', '2016-04-23');

-- ----------------------------
-- Table structure for hotmessages
-- ----------------------------
DROP TABLE IF EXISTS `hotmessages`;
CREATE TABLE `hotmessages` (
  `id` int(11) NOT NULL AUTO_INCREMENT,
  `messages` text,
  `title` text,
  `createdAt` date DEFAULT NULL,
  `updatedAt` date DEFAULT NULL,
  `sub_title` text,
  PRIMARY KEY (`id`)
) ENGINE=InnoDB DEFAULT CHARSET=utf8;

-- ----------------------------
-- Records of hotmessages
-- ----------------------------

-- ----------------------------
-- Table structure for orders
-- ----------------------------
DROP TABLE IF EXISTS `orders`;
CREATE TABLE `orders` (
  `id` varchar(255) NOT NULL,
  `acc_id` varchar(32) DEFAULT NULL,
  `sch_id` int(11) DEFAULT NULL,
  `arr_sch_id` int(11) DEFAULT NULL,
  `leaveDate` varchar(255) DEFAULT NULL,
  `price` float DEFAULT NULL,
  `status` int(11) DEFAULT NULL,
  `person` varchar(255) DEFAULT NULL,
  `createdAt` date DEFAULT NULL,
  `updatedAt` date DEFAULT NULL,
  PRIMARY KEY (`id`),
  KEY `FK_Reference_person` (`person`),
  KEY `acc` (`acc_id`),
  KEY `leave_sch` (`sch_id`),
  KEY `arrive_sch` (`arr_sch_id`),
  CONSTRAINT `acc` FOREIGN KEY (`acc_id`) REFERENCES `account` (`id`) ON DELETE NO ACTION ON UPDATE NO ACTION,
  CONSTRAINT `arrive_sch` FOREIGN KEY (`arr_sch_id`) REFERENCES `schedule` (`id`) ON DELETE NO ACTION ON UPDATE NO ACTION,
  CONSTRAINT `leave_sch` FOREIGN KEY (`sch_id`) REFERENCES `schedule` (`id`) ON DELETE NO ACTION ON UPDATE NO ACTION
) ENGINE=InnoDB DEFAULT CHARSET=utf8;

-- ----------------------------
-- Records of orders
-- ----------------------------
INSERT INTO `orders` VALUES ('2016052316182', '32020419940316351X', '16', '18', '2016-05-23', '59.5', '1', '2,0', '2016-05-23', '2016-05-23');
INSERT INTO `orders` VALUES ('201605238113', '32020419940316351X', '8', '11', '2016-05-23', '59.5', '1', '3,0', '2016-05-23', '2016-05-23');

-- ----------------------------
-- Table structure for people
-- ----------------------------
DROP TABLE IF EXISTS `people`;
CREATE TABLE `people` (
  `id` int(11) DEFAULT NULL,
  `p_id` varchar(255) DEFAULT NULL,
  `name` varchar(255) DEFAULT NULL,
  `createdAt` date DEFAULT NULL,
  `updatedAt` date DEFAULT NULL,
  KEY `id` (`id`)
) ENGINE=InnoDB DEFAULT CHARSET=utf8;

-- ----------------------------
-- Records of people
-- ----------------------------
INSERT INTO `people` VALUES ('1', '32020419940316351X', '杨派', '2016-05-08', '2016-05-08');
INSERT INTO `people` VALUES ('2', '320204199403163511', '范祺锋', '2016-05-09', '2016-05-09');
INSERT INTO `people` VALUES ('3', '320204199403163512', '陆顺明', '2016-05-09', '2016-05-09');
INSERT INTO `people` VALUES ('4', '320204199403163513', '蒋欣', '2016-05-09', '2016-05-09');
INSERT INTO `people` VALUES ('5', '320204199403163514', '于老师', '2016-05-09', '2016-05-09');
INSERT INTO `people` VALUES ('6', '320204199403163515', '岳云鹏', '2016-05-09', '2016-05-09');
INSERT INTO `people` VALUES ('7', '320204199403163516', '李天一', '2016-05-09', '2016-05-09');
INSERT INTO `people` VALUES ('8', '320204199403163517', '钱维佳', '2016-05-10', '2016-05-10');
INSERT INTO `people` VALUES ('0', '默认数据', '默认数据', '2016-05-19', '2016-05-19');

-- ----------------------------
-- Table structure for price
-- ----------------------------
DROP TABLE IF EXISTS `price`;
CREATE TABLE `price` (
  `start` int(11) NOT NULL,
  `end` int(11) NOT NULL,
  `price` double DEFAULT NULL,
  `createdAt` date DEFAULT NULL,
  `updatedAt` date DEFAULT NULL,
  PRIMARY KEY (`start`,`end`),
  KEY `FK_Reference_5` (`end`),
  CONSTRAINT `FK_Reference_4` FOREIGN KEY (`start`) REFERENCES `station` (`id`),
  CONSTRAINT `FK_Reference_5` FOREIGN KEY (`end`) REFERENCES `station` (`id`)
) ENGINE=InnoDB DEFAULT CHARSET=utf8;

-- ----------------------------
-- Records of price
-- ----------------------------

-- ----------------------------
-- Table structure for schedule
-- ----------------------------
DROP TABLE IF EXISTS `schedule`;
CREATE TABLE `schedule` (
  `id` int(11) NOT NULL,
  `tra_id` int(11) NOT NULL,
  `stat_id` int(11) NOT NULL,
  `arriveTime` varchar(255) DEFAULT NULL,
  `leaveTime` varchar(255) DEFAULT NULL,
  `price` double DEFAULT NULL,
  `createdAt` date DEFAULT NULL,
  `updatedAt` date DEFAULT NULL,
  PRIMARY KEY (`id`),
  KEY `FK_Reference_2` (`stat_id`),
  KEY `FK_Reference_3` (`tra_id`),
  CONSTRAINT `FK_Reference_2` FOREIGN KEY (`stat_id`) REFERENCES `station` (`id`) ON DELETE NO ACTION ON UPDATE NO ACTION,
  CONSTRAINT `FK_Reference_3` FOREIGN KEY (`tra_id`) REFERENCES `train` (`id`) ON DELETE NO ACTION ON UPDATE NO ACTION
) ENGINE=InnoDB DEFAULT CHARSET=utf8;

-- ----------------------------
-- Records of schedule
-- ----------------------------
INSERT INTO `schedule` VALUES ('1', '1', '1', '06:00:00', '06:00:00', '0', '2016-05-01', '2016-05-22');
INSERT INTO `schedule` VALUES ('2', '1', '4', '06:25:00', '06:27:00', '39.5', '2016-05-01', '2016-05-22');
INSERT INTO `schedule` VALUES ('3', '1', '6', '06:42:00', '06:44:00', '59.5', '2016-05-06', '2016-05-22');
INSERT INTO `schedule` VALUES ('4', '1', '7', '06:58:00', '07:00:00', '74.5', '2016-05-06', '2016-05-22');
INSERT INTO `schedule` VALUES ('5', '1', '8', '07:16:00', '07:18:00', '94.5', '2016-05-06', '2016-05-06');
INSERT INTO `schedule` VALUES ('6', '1', '9', '07:30:00', '07:32:00', '109.5', '2016-05-06', '2016-05-06');
INSERT INTO `schedule` VALUES ('7', '1', '11', '07:59:00', '07:59:00', '139.5', '2016-05-06', '2016-05-22');
INSERT INTO `schedule` VALUES ('8', '2', '1', '06:18:00', '06:18:00', '0', '2016-05-06', '2016-05-06');
INSERT INTO `schedule` VALUES ('9', '2', '3', '06:37:00', '06:39:00', '24.5', '2016-05-06', '2016-05-21');
INSERT INTO `schedule` VALUES ('10', '2', '4', '06:50:00', '06:52:00', '39.5', '2016-05-06', '2016-05-21');
INSERT INTO `schedule` VALUES ('11', '2', '6', '07:07:00', '07:09:00', '59.5', '2016-05-06', '2016-05-06');
INSERT INTO `schedule` VALUES ('12', '2', '7', '07:30:00', '07:32:00', '74.5', '2016-05-06', '2016-05-06');
INSERT INTO `schedule` VALUES ('13', '2', '8', '07:48:00', '07:50:00', '94.5', '2016-05-06', '2016-05-06');
INSERT INTO `schedule` VALUES ('14', '2', '9', '08:02:00', '08:04:00', '109.5', '2016-05-06', '2016-05-06');
INSERT INTO `schedule` VALUES ('15', '2', '11', '08:24:00', '08:24:00', '139.5', '2016-05-06', '2016-05-06');
INSERT INTO `schedule` VALUES ('16', '3', '1', '12:11:00', '12:11:00', '0', '2016-05-22', '2016-05-22');
INSERT INTO `schedule` VALUES ('17', '3', '4', '12:36:00', '12:38:00', '39.5', '2016-05-22', '2016-05-22');
INSERT INTO `schedule` VALUES ('18', '3', '6', '12:53:00', '12:55:00', '59.5', '2016-05-22', '2016-05-22');
INSERT INTO `schedule` VALUES ('19', '3', '8', '13:21:00', '13:23:00', '94.5', '2016-05-22', '2016-05-22');
INSERT INTO `schedule` VALUES ('20', '3', '9', '13:35:00', '13:37:00', '109.5', '2016-05-22', '2016-05-22');
INSERT INTO `schedule` VALUES ('21', '3', '10', '14:03:00', '14:07:00', '144.5', '2016-05-22', '2016-05-22');
INSERT INTO `schedule` VALUES ('22', '4', '1', '09:48:00', '09:48:00', '0', '2016-05-22', '2016-05-22');
INSERT INTO `schedule` VALUES ('23', '5', '11', '18:25:00', '18:25:00', '0', '2016-05-25', '2016-05-25');
INSERT INTO `schedule` VALUES ('24', '5', '9', '18:41:00', '18:43:00', '29.5', '2016-05-25', '2016-05-25');
INSERT INTO `schedule` VALUES ('25', '5', '7', '19:06:00', '19:08:00', '64.5', '2016-05-25', '2016-05-25');
INSERT INTO `schedule` VALUES ('26', '5', '6', '19:22:00', '19:24:00', '79.5', '2016-05-25', '2016-05-25');
INSERT INTO `schedule` VALUES ('27', '5', '4', '19:39:00', '19:41:00', '99.5', '2016-05-25', '2016-05-25');
INSERT INTO `schedule` VALUES ('28', '5', '3', '20:00:00', '20:02:00', '119.5', '2016-05-25', '2016-05-25');
INSERT INTO `schedule` VALUES ('29', '5', '1', '20:20:00', '20:20:00', '139.5', '2016-05-25', '2016-05-25');
INSERT INTO `schedule` VALUES ('30', '3', '11', '14:09:00', '14:11:00', '150', '2016-07-01', '2016-07-01');

-- ----------------------------
-- Table structure for seats
-- ----------------------------
DROP TABLE IF EXISTS `seats`;
CREATE TABLE `seats` (
  `id` int(11) NOT NULL,
  `sch_id` int(11) NOT NULL,
  `day` varchar(255) DEFAULT NULL,
  `first_class` int(11) DEFAULT NULL,
  `second_class` int(11) DEFAULT NULL,
  `bussiness_class` int(11) DEFAULT NULL,
  `no_seats` int(11) DEFAULT NULL,
  `createdAt` date DEFAULT NULL,
  `updatedAt` date DEFAULT NULL,
  PRIMARY KEY (`id`),
  KEY `FK_seats_schss` (`sch_id`),
  CONSTRAINT `FK_seats_schss` FOREIGN KEY (`sch_id`) REFERENCES `schedule` (`id`) ON DELETE NO ACTION ON UPDATE NO ACTION
) ENGINE=InnoDB DEFAULT CHARSET=utf8;

-- ----------------------------
-- Records of seats
-- ----------------------------
INSERT INTO `seats` VALUES ('1', '1', '2016-05-04', '20', '490', '9', '200', '2016-05-03', '2016-05-21');
INSERT INTO `seats` VALUES ('2', '2', '2016-05-04', '20', '485', '9', '200', '2016-05-04', '2016-05-21');
INSERT INTO `seats` VALUES ('3', '3', '2016-05-04', '20', '491', '9', '200', '2016-05-04', '2016-05-21');
INSERT INTO `seats` VALUES ('4', '4', '2016-05-04', '20', '497', '9', '200', '2016-05-04', '2016-05-21');
INSERT INTO `seats` VALUES ('5', '5', '2016-05-04', '20', '497', '9', '200', '2016-05-04', '2016-05-21');
INSERT INTO `seats` VALUES ('6', '6', '2016-05-04', '20', '498', '10', '200', '2016-05-04', '2016-05-21');
INSERT INTO `seats` VALUES ('7', '7', '2016-05-04', '20', '498', '10', '200', '2016-05-04', '2016-05-21');
INSERT INTO `seats` VALUES ('8', '8', '2016-05-04', '13', '487', '9', '199', '2016-05-04', '2016-05-19');
INSERT INTO `seats` VALUES ('9', '9', '2016-05-04', '18', '490', '9', '199', '2016-05-04', '2016-05-19');
INSERT INTO `seats` VALUES ('10', '10', '2016-05-04', '18', '490', '9', '199', '2016-05-04', '2016-05-19');
INSERT INTO `seats` VALUES ('11', '11', '2016-05-04', '18', '492', '9', '199', '2016-05-04', '2016-05-18');
INSERT INTO `seats` VALUES ('12', '12', '2016-05-04', '18', '499', '9', '199', '2016-05-04', '2016-05-19');
INSERT INTO `seats` VALUES ('13', '13', '2016-05-04', '18', '499', '9', '199', '2016-05-04', '2016-05-19');
INSERT INTO `seats` VALUES ('14', '14', '2016-05-04', '20', '500', '10', '200', '2016-05-04', '2016-05-18');
INSERT INTO `seats` VALUES ('15', '15', '2016-05-04', '20', '500', '10', '200', '2016-05-22', '2016-05-22');
INSERT INTO `seats` VALUES ('16', '16', '2016-05-04', '20', '500', '10', '200', '2016-05-22', '2016-05-22');
INSERT INTO `seats` VALUES ('17', '17', '2016-05-04', '20', '500', '10', '200', '2016-05-22', '2016-05-22');
INSERT INTO `seats` VALUES ('18', '18', '2016-05-04', '20', '500', '10', '200', '2016-05-22', '2016-05-22');
INSERT INTO `seats` VALUES ('19', '19', '2016-05-04', '20', '500', '10', '200', '2016-05-22', '2016-05-22');
INSERT INTO `seats` VALUES ('20', '20', '2016-05-04', '20', '500', '10', '200', '2016-05-22', '2016-05-22');
INSERT INTO `seats` VALUES ('21', '21', '2016-05-04', '20', '500', '10', '200', '2016-05-22', '2016-05-22');
INSERT INTO `seats` VALUES ('22', '22', '2016-05-04', '20', '500', '10', '200', '2016-05-22', '2016-05-22');
INSERT INTO `seats` VALUES ('23', '1', '2016-05-23', '20', '499', '10', '200', '2016-05-22', '2016-07-01');
INSERT INTO `seats` VALUES ('24', '2', '2016-05-23', '20', '499', '10', '200', '2016-05-22', '2016-07-01');
INSERT INTO `seats` VALUES ('25', '3', '2016-05-23', '20', '498', '10', '200', '2016-05-22', '2016-05-24');
INSERT INTO `seats` VALUES ('26', '4', '2016-05-23', '20', '498', '10', '200', '2016-05-22', '2016-05-24');
INSERT INTO `seats` VALUES ('27', '5', '2016-05-23', '20', '498', '10', '200', '2016-05-22', '2016-05-24');
INSERT INTO `seats` VALUES ('28', '6', '2016-05-23', '20', '498', '10', '200', '2016-05-22', '2016-05-24');
INSERT INTO `seats` VALUES ('29', '7', '2016-05-23', '20', '498', '10', '200', '2016-05-22', '2016-05-24');
INSERT INTO `seats` VALUES ('30', '8', '2016-05-23', '20', '499', '10', '200', '2016-05-22', '2016-05-23');
INSERT INTO `seats` VALUES ('31', '9', '2016-05-23', '20', '499', '10', '200', '2016-05-22', '2016-05-23');
INSERT INTO `seats` VALUES ('32', '10', '2016-05-23', '20', '499', '10', '200', '2016-05-22', '2016-05-23');
INSERT INTO `seats` VALUES ('33', '11', '2016-05-23', '20', '499', '10', '200', '2016-05-22', '2016-05-23');
INSERT INTO `seats` VALUES ('34', '12', '2016-05-23', '20', '499', '10', '200', '2016-05-22', '2016-05-23');
INSERT INTO `seats` VALUES ('35', '13', '2016-05-23', '20', '499', '10', '200', '2016-05-22', '2016-05-23');
INSERT INTO `seats` VALUES ('36', '14', '2016-05-23', '20', '499', '10', '200', '2016-05-22', '2016-05-23');
INSERT INTO `seats` VALUES ('37', '15', '2016-05-23', '20', '499', '10', '200', '2016-05-22', '2016-05-23');
INSERT INTO `seats` VALUES ('38', '16', '2016-05-23', '20', '499', '10', '200', '2016-05-22', '2016-05-24');
INSERT INTO `seats` VALUES ('39', '17', '2016-05-23', '20', '499', '10', '200', '2016-05-22', '2016-05-24');
INSERT INTO `seats` VALUES ('40', '18', '2016-05-23', '20', '498', '10', '200', '2016-05-22', '2016-05-23');
INSERT INTO `seats` VALUES ('41', '19', '2016-05-23', '20', '498', '10', '200', '2016-05-22', '2016-05-23');
INSERT INTO `seats` VALUES ('42', '20', '2016-05-23', '20', '498', '10', '200', '2016-05-22', '2016-05-23');
INSERT INTO `seats` VALUES ('43', '21', '2016-05-23', '20', '498', '10', '200', '2016-05-22', '2016-05-23');
INSERT INTO `seats` VALUES ('44', '22', '2016-05-23', '20', '500', '10', '200', '2016-05-22', '2016-05-22');
INSERT INTO `seats` VALUES ('45', '1', '2016-05-22', '20', '500', '10', '200', '2016-05-22', '2016-05-22');
INSERT INTO `seats` VALUES ('46', '2', '2016-05-22', '20', '500', '10', '200', '2016-05-22', '2016-05-22');
INSERT INTO `seats` VALUES ('47', '3', '2016-05-22', '20', '500', '10', '200', '2016-05-22', '2016-05-22');
INSERT INTO `seats` VALUES ('48', '4', '2016-05-22', '20', '500', '10', '200', '2016-05-22', '2016-05-22');
INSERT INTO `seats` VALUES ('49', '5', '2016-05-22', '20', '500', '10', '200', '2016-05-22', '2016-05-22');
INSERT INTO `seats` VALUES ('50', '6', '2016-05-22', '20', '500', '10', '200', '2016-05-22', '2016-05-22');
INSERT INTO `seats` VALUES ('51', '7', '2016-05-22', '20', '500', '10', '200', '2016-05-22', '2016-05-22');
INSERT INTO `seats` VALUES ('52', '8', '2016-05-22', '20', '500', '10', '200', '2016-05-22', '2016-05-22');
INSERT INTO `seats` VALUES ('53', '9', '2016-05-22', '20', '500', '10', '200', '2016-05-22', '2016-05-22');
INSERT INTO `seats` VALUES ('54', '10', '2016-05-22', '20', '500', '10', '200', '2016-05-22', '2016-05-22');
INSERT INTO `seats` VALUES ('55', '11', '2016-05-22', '20', '500', '10', '200', '2016-05-22', '2016-05-22');
INSERT INTO `seats` VALUES ('56', '12', '2016-05-22', '20', '500', '10', '200', '2016-05-22', '2016-05-22');
INSERT INTO `seats` VALUES ('57', '13', '2016-05-22', '20', '500', '10', '200', '2016-05-22', '2016-05-22');
INSERT INTO `seats` VALUES ('58', '14', '2016-05-22', '20', '500', '10', '200', '2016-05-22', '2016-05-22');
INSERT INTO `seats` VALUES ('59', '15', '2016-05-22', '20', '500', '10', '200', '2016-05-22', '2016-05-22');
INSERT INTO `seats` VALUES ('60', '16', '2016-05-22', '20', '500', '10', '200', '2016-05-22', '2016-05-22');
INSERT INTO `seats` VALUES ('61', '17', '2016-05-22', '20', '500', '10', '200', '2016-05-22', '2016-05-22');
INSERT INTO `seats` VALUES ('62', '18', '2016-05-22', '20', '500', '10', '200', '2016-05-22', '2016-05-22');
INSERT INTO `seats` VALUES ('63', '19', '2016-05-22', '20', '500', '10', '200', '2016-05-22', '2016-05-22');
INSERT INTO `seats` VALUES ('64', '20', '2016-05-22', '20', '500', '10', '200', '2016-05-22', '2016-05-22');
INSERT INTO `seats` VALUES ('65', '21', '2016-05-22', '20', '500', '10', '200', '2016-05-22', '2016-05-22');
INSERT INTO `seats` VALUES ('66', '22', '2016-05-22', '20', '500', '10', '200', '2016-05-22', '2016-05-22');
INSERT INTO `seats` VALUES ('67', '1', '2016-05-14', '20', '500', '10', '200', '2016-05-22', '2016-05-22');
INSERT INTO `seats` VALUES ('68', '2', '2016-05-14', '20', '500', '10', '200', '2016-05-22', '2016-05-22');
INSERT INTO `seats` VALUES ('69', '3', '2016-05-14', '20', '500', '10', '200', '2016-05-22', '2016-05-22');
INSERT INTO `seats` VALUES ('70', '4', '2016-05-14', '20', '500', '10', '200', '2016-05-22', '2016-05-22');
INSERT INTO `seats` VALUES ('71', '5', '2016-05-14', '20', '500', '10', '200', '2016-05-22', '2016-05-22');
INSERT INTO `seats` VALUES ('72', '6', '2016-05-14', '20', '500', '10', '200', '2016-05-22', '2016-05-22');
INSERT INTO `seats` VALUES ('73', '7', '2016-05-14', '20', '500', '10', '200', '2016-05-22', '2016-05-22');
INSERT INTO `seats` VALUES ('74', '8', '2016-05-14', '20', '500', '10', '200', '2016-05-22', '2016-05-22');
INSERT INTO `seats` VALUES ('75', '9', '2016-05-14', '20', '500', '10', '200', '2016-05-22', '2016-05-22');
INSERT INTO `seats` VALUES ('76', '10', '2016-05-14', '20', '500', '10', '200', '2016-05-22', '2016-05-22');
INSERT INTO `seats` VALUES ('77', '11', '2016-05-14', '20', '500', '10', '200', '2016-05-22', '2016-05-22');
INSERT INTO `seats` VALUES ('78', '12', '2016-05-14', '20', '500', '10', '200', '2016-05-22', '2016-05-22');
INSERT INTO `seats` VALUES ('79', '13', '2016-05-14', '20', '500', '10', '200', '2016-05-22', '2016-05-22');
INSERT INTO `seats` VALUES ('80', '14', '2016-05-14', '20', '500', '10', '200', '2016-05-22', '2016-05-22');
INSERT INTO `seats` VALUES ('81', '15', '2016-05-14', '20', '500', '10', '200', '2016-05-22', '2016-05-22');
INSERT INTO `seats` VALUES ('82', '16', '2016-05-14', '20', '500', '10', '200', '2016-05-22', '2016-05-22');
INSERT INTO `seats` VALUES ('83', '17', '2016-05-14', '20', '500', '10', '200', '2016-05-22', '2016-05-22');
INSERT INTO `seats` VALUES ('84', '18', '2016-05-14', '20', '500', '10', '200', '2016-05-22', '2016-05-22');
INSERT INTO `seats` VALUES ('85', '19', '2016-05-14', '20', '500', '10', '200', '2016-05-22', '2016-05-22');
INSERT INTO `seats` VALUES ('86', '20', '2016-05-14', '20', '500', '10', '200', '2016-05-22', '2016-05-22');
INSERT INTO `seats` VALUES ('87', '21', '2016-05-14', '20', '500', '10', '200', '2016-05-22', '2016-05-22');
INSERT INTO `seats` VALUES ('88', '22', '2016-05-14', '20', '500', '10', '200', '2016-05-22', '2016-05-22');
INSERT INTO `seats` VALUES ('89', '1', '2016-05-24', '20', '500', '10', '200', '2016-05-23', '2016-05-23');
INSERT INTO `seats` VALUES ('90', '2', '2016-05-24', '20', '500', '10', '200', '2016-05-23', '2016-05-23');
INSERT INTO `seats` VALUES ('91', '3', '2016-05-24', '20', '500', '10', '200', '2016-05-23', '2016-05-23');
INSERT INTO `seats` VALUES ('92', '4', '2016-05-24', '20', '500', '10', '200', '2016-05-23', '2016-05-23');
INSERT INTO `seats` VALUES ('93', '5', '2016-05-24', '20', '500', '10', '200', '2016-05-23', '2016-05-23');
INSERT INTO `seats` VALUES ('94', '6', '2016-05-24', '20', '500', '10', '200', '2016-05-23', '2016-05-23');
INSERT INTO `seats` VALUES ('95', '7', '2016-05-24', '20', '500', '10', '200', '2016-05-23', '2016-05-23');
INSERT INTO `seats` VALUES ('96', '8', '2016-05-24', '20', '500', '10', '200', '2016-05-23', '2016-05-23');
INSERT INTO `seats` VALUES ('97', '9', '2016-05-24', '20', '500', '10', '200', '2016-05-23', '2016-05-23');
INSERT INTO `seats` VALUES ('98', '10', '2016-05-24', '20', '500', '10', '200', '2016-05-23', '2016-05-23');
INSERT INTO `seats` VALUES ('99', '11', '2016-05-24', '20', '500', '10', '200', '2016-05-23', '2016-05-23');
INSERT INTO `seats` VALUES ('100', '12', '2016-05-24', '20', '500', '10', '200', '2016-05-23', '2016-05-23');
INSERT INTO `seats` VALUES ('101', '13', '2016-05-24', '20', '500', '10', '200', '2016-05-23', '2016-05-23');
INSERT INTO `seats` VALUES ('102', '14', '2016-05-24', '20', '500', '10', '200', '2016-05-23', '2016-05-23');
INSERT INTO `seats` VALUES ('103', '15', '2016-05-24', '20', '500', '10', '200', '2016-05-23', '2016-05-23');
INSERT INTO `seats` VALUES ('104', '16', '2016-05-24', '20', '500', '10', '200', '2016-05-23', '2016-05-23');
INSERT INTO `seats` VALUES ('105', '17', '2016-05-24', '20', '500', '10', '200', '2016-05-23', '2016-05-23');
INSERT INTO `seats` VALUES ('106', '18', '2016-05-24', '20', '500', '10', '200', '2016-05-23', '2016-05-23');
INSERT INTO `seats` VALUES ('107', '19', '2016-05-24', '20', '500', '10', '200', '2016-05-23', '2016-05-23');
INSERT INTO `seats` VALUES ('108', '20', '2016-05-24', '20', '500', '10', '200', '2016-05-23', '2016-05-23');
INSERT INTO `seats` VALUES ('109', '21', '2016-05-24', '20', '500', '10', '200', '2016-05-23', '2016-05-23');
INSERT INTO `seats` VALUES ('110', '22', '2016-05-24', '20', '500', '10', '200', '2016-05-23', '2016-05-23');
INSERT INTO `seats` VALUES ('111', '1', '2016-07-16', '20', '500', '10', '200', '2016-05-23', '2016-05-23');
INSERT INTO `seats` VALUES ('112', '2', '2016-07-16', '20', '500', '10', '200', '2016-05-23', '2016-05-23');
INSERT INTO `seats` VALUES ('113', '3', '2016-07-16', '20', '500', '10', '200', '2016-05-23', '2016-05-23');
INSERT INTO `seats` VALUES ('114', '4', '2016-07-16', '20', '500', '10', '200', '2016-05-23', '2016-05-23');
INSERT INTO `seats` VALUES ('115', '5', '2016-07-16', '20', '500', '10', '200', '2016-05-23', '2016-05-23');
INSERT INTO `seats` VALUES ('116', '6', '2016-07-16', '20', '500', '10', '200', '2016-05-23', '2016-05-23');
INSERT INTO `seats` VALUES ('117', '7', '2016-07-16', '20', '500', '10', '200', '2016-05-23', '2016-05-23');
INSERT INTO `seats` VALUES ('118', '8', '2016-07-16', '20', '500', '10', '200', '2016-05-23', '2016-05-23');
INSERT INTO `seats` VALUES ('119', '9', '2016-07-16', '20', '500', '10', '200', '2016-05-23', '2016-05-23');
INSERT INTO `seats` VALUES ('120', '10', '2016-07-16', '20', '500', '10', '200', '2016-05-23', '2016-05-23');
INSERT INTO `seats` VALUES ('121', '11', '2016-07-16', '20', '500', '10', '200', '2016-05-23', '2016-05-23');
INSERT INTO `seats` VALUES ('122', '12', '2016-07-16', '20', '500', '10', '200', '2016-05-23', '2016-05-23');
INSERT INTO `seats` VALUES ('123', '13', '2016-07-16', '20', '500', '10', '200', '2016-05-23', '2016-05-23');
INSERT INTO `seats` VALUES ('124', '14', '2016-07-16', '20', '500', '10', '200', '2016-05-23', '2016-05-23');
INSERT INTO `seats` VALUES ('125', '15', '2016-07-16', '20', '500', '10', '200', '2016-05-23', '2016-05-23');
INSERT INTO `seats` VALUES ('126', '16', '2016-07-16', '20', '500', '10', '200', '2016-05-23', '2016-05-23');
INSERT INTO `seats` VALUES ('127', '17', '2016-07-16', '20', '500', '10', '200', '2016-05-23', '2016-05-23');
INSERT INTO `seats` VALUES ('128', '18', '2016-07-16', '20', '500', '10', '200', '2016-05-23', '2016-05-23');
INSERT INTO `seats` VALUES ('129', '19', '2016-07-16', '20', '500', '10', '200', '2016-05-23', '2016-05-23');
INSERT INTO `seats` VALUES ('130', '20', '2016-07-16', '20', '500', '10', '200', '2016-05-23', '2016-05-23');
INSERT INTO `seats` VALUES ('131', '21', '2016-07-16', '20', '500', '10', '200', '2016-05-23', '2016-05-23');
INSERT INTO `seats` VALUES ('132', '22', '2016-07-16', '20', '500', '10', '200', '2016-05-23', '2016-05-23');
INSERT INTO `seats` VALUES ('133', '1', '2016-05-16', '20', '500', '10', '200', '2016-05-23', '2016-05-23');
INSERT INTO `seats` VALUES ('134', '2', '2016-05-16', '20', '500', '10', '200', '2016-05-23', '2016-05-23');
INSERT INTO `seats` VALUES ('135', '3', '2016-05-16', '20', '500', '10', '200', '2016-05-23', '2016-05-23');
INSERT INTO `seats` VALUES ('136', '4', '2016-05-16', '20', '500', '10', '200', '2016-05-23', '2016-05-23');
INSERT INTO `seats` VALUES ('137', '5', '2016-05-16', '20', '500', '10', '200', '2016-05-23', '2016-05-23');
INSERT INTO `seats` VALUES ('138', '6', '2016-05-16', '20', '500', '10', '200', '2016-05-23', '2016-05-23');
INSERT INTO `seats` VALUES ('139', '7', '2016-05-16', '20', '500', '10', '200', '2016-05-23', '2016-05-23');
INSERT INTO `seats` VALUES ('140', '8', '2016-05-16', '20', '500', '10', '200', '2016-05-23', '2016-05-23');
INSERT INTO `seats` VALUES ('141', '9', '2016-05-16', '20', '500', '10', '200', '2016-05-23', '2016-05-23');
INSERT INTO `seats` VALUES ('142', '10', '2016-05-16', '20', '500', '10', '200', '2016-05-23', '2016-05-23');
INSERT INTO `seats` VALUES ('143', '11', '2016-05-16', '20', '500', '10', '200', '2016-05-23', '2016-05-23');
INSERT INTO `seats` VALUES ('144', '12', '2016-05-16', '20', '500', '10', '200', '2016-05-23', '2016-05-23');
INSERT INTO `seats` VALUES ('145', '13', '2016-05-16', '20', '500', '10', '200', '2016-05-23', '2016-05-23');
INSERT INTO `seats` VALUES ('146', '14', '2016-05-16', '20', '500', '10', '200', '2016-05-23', '2016-05-23');
INSERT INTO `seats` VALUES ('147', '15', '2016-05-16', '20', '500', '10', '200', '2016-05-23', '2016-05-23');
INSERT INTO `seats` VALUES ('148', '16', '2016-05-16', '20', '500', '10', '200', '2016-05-23', '2016-05-23');
INSERT INTO `seats` VALUES ('149', '17', '2016-05-16', '20', '500', '10', '200', '2016-05-23', '2016-05-23');
INSERT INTO `seats` VALUES ('150', '18', '2016-05-16', '20', '500', '10', '200', '2016-05-23', '2016-05-23');
INSERT INTO `seats` VALUES ('151', '19', '2016-05-16', '20', '500', '10', '200', '2016-05-23', '2016-05-23');
INSERT INTO `seats` VALUES ('152', '20', '2016-05-16', '20', '500', '10', '200', '2016-05-23', '2016-05-23');
INSERT INTO `seats` VALUES ('153', '21', '2016-05-16', '20', '500', '10', '200', '2016-05-23', '2016-05-23');
INSERT INTO `seats` VALUES ('154', '22', '2016-05-16', '20', '500', '10', '200', '2016-05-23', '2016-05-23');
INSERT INTO `seats` VALUES ('177', '1', '2016-05-27', '20', '500', '10', '200', '2016-05-23', '2016-05-23');
INSERT INTO `seats` VALUES ('178', '2', '2016-05-27', '20', '500', '10', '200', '2016-05-23', '2016-05-23');
INSERT INTO `seats` VALUES ('179', '3', '2016-05-27', '20', '500', '10', '200', '2016-05-23', '2016-05-23');
INSERT INTO `seats` VALUES ('180', '4', '2016-05-27', '20', '500', '10', '200', '2016-05-23', '2016-05-23');
INSERT INTO `seats` VALUES ('181', '5', '2016-05-27', '20', '500', '10', '200', '2016-05-23', '2016-05-23');
INSERT INTO `seats` VALUES ('182', '6', '2016-05-27', '20', '500', '10', '200', '2016-05-23', '2016-05-23');
INSERT INTO `seats` VALUES ('183', '7', '2016-05-27', '20', '500', '10', '200', '2016-05-23', '2016-05-23');
INSERT INTO `seats` VALUES ('184', '8', '2016-05-27', '20', '500', '10', '200', '2016-05-23', '2016-05-23');
INSERT INTO `seats` VALUES ('185', '9', '2016-05-27', '20', '500', '10', '200', '2016-05-23', '2016-05-23');
INSERT INTO `seats` VALUES ('186', '10', '2016-05-27', '20', '500', '10', '200', '2016-05-23', '2016-05-23');
INSERT INTO `seats` VALUES ('187', '11', '2016-05-27', '20', '500', '10', '200', '2016-05-23', '2016-05-23');
INSERT INTO `seats` VALUES ('188', '12', '2016-05-27', '20', '500', '10', '200', '2016-05-23', '2016-05-23');
INSERT INTO `seats` VALUES ('189', '13', '2016-05-27', '20', '500', '10', '200', '2016-05-23', '2016-05-23');
INSERT INTO `seats` VALUES ('190', '14', '2016-05-27', '20', '500', '10', '200', '2016-05-23', '2016-05-23');
INSERT INTO `seats` VALUES ('191', '15', '2016-05-27', '20', '500', '10', '200', '2016-05-23', '2016-05-23');
INSERT INTO `seats` VALUES ('192', '16', '2016-05-27', '20', '500', '10', '200', '2016-05-23', '2016-05-23');
INSERT INTO `seats` VALUES ('193', '17', '2016-05-27', '20', '500', '10', '200', '2016-05-23', '2016-05-23');
INSERT INTO `seats` VALUES ('194', '18', '2016-05-27', '20', '500', '10', '200', '2016-05-23', '2016-05-23');
INSERT INTO `seats` VALUES ('195', '19', '2016-05-27', '20', '500', '10', '200', '2016-05-23', '2016-05-23');
INSERT INTO `seats` VALUES ('196', '20', '2016-05-27', '20', '500', '10', '200', '2016-05-23', '2016-05-23');
INSERT INTO `seats` VALUES ('197', '21', '2016-05-27', '20', '500', '10', '200', '2016-05-23', '2016-05-23');
INSERT INTO `seats` VALUES ('198', '22', '2016-05-27', '20', '500', '10', '200', '2016-05-23', '2016-05-23');
INSERT INTO `seats` VALUES ('199', '1', '2016-07-12', '20', '500', '10', '200', '2016-05-23', '2016-05-23');
INSERT INTO `seats` VALUES ('200', '2', '2016-07-12', '20', '500', '10', '200', '2016-05-23', '2016-05-23');
INSERT INTO `seats` VALUES ('201', '3', '2016-07-12', '20', '500', '10', '200', '2016-05-23', '2016-05-23');
INSERT INTO `seats` VALUES ('202', '4', '2016-07-12', '20', '500', '10', '200', '2016-05-23', '2016-05-23');
INSERT INTO `seats` VALUES ('203', '5', '2016-07-12', '20', '500', '10', '200', '2016-05-23', '2016-05-23');
INSERT INTO `seats` VALUES ('204', '6', '2016-07-12', '20', '500', '10', '200', '2016-05-23', '2016-05-23');
INSERT INTO `seats` VALUES ('205', '7', '2016-07-12', '20', '500', '10', '200', '2016-05-23', '2016-05-23');
INSERT INTO `seats` VALUES ('206', '8', '2016-07-12', '20', '500', '10', '200', '2016-05-23', '2016-05-23');
INSERT INTO `seats` VALUES ('207', '9', '2016-07-12', '20', '500', '10', '200', '2016-05-23', '2016-05-23');
INSERT INTO `seats` VALUES ('208', '10', '2016-07-12', '20', '500', '10', '200', '2016-05-23', '2016-05-23');
INSERT INTO `seats` VALUES ('209', '11', '2016-07-12', '20', '500', '10', '200', '2016-05-23', '2016-05-23');
INSERT INTO `seats` VALUES ('210', '12', '2016-07-12', '20', '500', '10', '200', '2016-05-23', '2016-05-23');
INSERT INTO `seats` VALUES ('211', '13', '2016-07-12', '20', '500', '10', '200', '2016-05-23', '2016-05-23');
INSERT INTO `seats` VALUES ('212', '14', '2016-07-12', '20', '500', '10', '200', '2016-05-23', '2016-05-23');
INSERT INTO `seats` VALUES ('213', '15', '2016-07-12', '20', '500', '10', '200', '2016-05-23', '2016-05-23');
INSERT INTO `seats` VALUES ('214', '16', '2016-07-12', '20', '500', '10', '200', '2016-05-23', '2016-05-23');
INSERT INTO `seats` VALUES ('215', '17', '2016-07-12', '20', '500', '10', '200', '2016-05-23', '2016-05-23');
INSERT INTO `seats` VALUES ('216', '18', '2016-07-12', '20', '500', '10', '200', '2016-05-23', '2016-05-23');
INSERT INTO `seats` VALUES ('217', '19', '2016-07-12', '20', '500', '10', '200', '2016-05-23', '2016-05-23');
INSERT INTO `seats` VALUES ('218', '20', '2016-07-12', '20', '500', '10', '200', '2016-05-23', '2016-05-23');
INSERT INTO `seats` VALUES ('219', '21', '2016-07-12', '20', '500', '10', '200', '2016-05-23', '2016-05-23');
INSERT INTO `seats` VALUES ('220', '22', '2016-07-12', '20', '500', '10', '200', '2016-05-23', '2016-05-23');
INSERT INTO `seats` VALUES ('221', '1', '2016-05-25', '20', '500', '10', '200', '2016-05-23', '2016-05-23');
INSERT INTO `seats` VALUES ('222', '2', '2016-05-25', '20', '500', '10', '200', '2016-05-23', '2016-05-23');
INSERT INTO `seats` VALUES ('223', '3', '2016-05-25', '20', '500', '10', '200', '2016-05-23', '2016-05-23');
INSERT INTO `seats` VALUES ('224', '4', '2016-05-25', '20', '500', '10', '200', '2016-05-23', '2016-05-23');
INSERT INTO `seats` VALUES ('225', '5', '2016-05-25', '20', '500', '10', '200', '2016-05-23', '2016-05-23');
INSERT INTO `seats` VALUES ('226', '6', '2016-05-25', '20', '500', '10', '200', '2016-05-23', '2016-05-23');
INSERT INTO `seats` VALUES ('227', '7', '2016-05-25', '20', '500', '10', '200', '2016-05-23', '2016-05-23');
INSERT INTO `seats` VALUES ('228', '8', '2016-05-25', '20', '500', '10', '200', '2016-05-23', '2016-05-23');
INSERT INTO `seats` VALUES ('229', '9', '2016-05-25', '20', '500', '10', '200', '2016-05-23', '2016-05-23');
INSERT INTO `seats` VALUES ('230', '10', '2016-05-25', '20', '500', '10', '200', '2016-05-23', '2016-05-23');
INSERT INTO `seats` VALUES ('231', '11', '2016-05-25', '20', '500', '10', '200', '2016-05-23', '2016-05-23');
INSERT INTO `seats` VALUES ('232', '12', '2016-05-25', '20', '500', '10', '200', '2016-05-23', '2016-05-23');
INSERT INTO `seats` VALUES ('233', '13', '2016-05-25', '20', '500', '10', '200', '2016-05-23', '2016-05-23');
INSERT INTO `seats` VALUES ('234', '14', '2016-05-25', '20', '500', '10', '200', '2016-05-23', '2016-05-23');
INSERT INTO `seats` VALUES ('235', '15', '2016-05-25', '20', '500', '10', '200', '2016-05-23', '2016-05-23');
INSERT INTO `seats` VALUES ('236', '16', '2016-05-25', '20', '500', '10', '200', '2016-05-23', '2016-05-23');
INSERT INTO `seats` VALUES ('237', '17', '2016-05-25', '20', '500', '10', '200', '2016-05-23', '2016-05-23');
INSERT INTO `seats` VALUES ('238', '18', '2016-05-25', '20', '500', '10', '200', '2016-05-23', '2016-05-23');
INSERT INTO `seats` VALUES ('239', '19', '2016-05-25', '20', '500', '10', '200', '2016-05-23', '2016-05-23');
INSERT INTO `seats` VALUES ('240', '20', '2016-05-25', '20', '500', '10', '200', '2016-05-23', '2016-05-23');
INSERT INTO `seats` VALUES ('241', '21', '2016-05-25', '20', '500', '10', '200', '2016-05-23', '2016-05-23');
INSERT INTO `seats` VALUES ('242', '22', '2016-05-25', '20', '500', '10', '200', '2016-05-23', '2016-05-23');
INSERT INTO `seats` VALUES ('243', '23', '2016-05-25', '20', '500', '10', '200', '2016-05-25', '2016-05-25');
INSERT INTO `seats` VALUES ('244', '24', '2016-05-25', '20', '500', '10', '200', '2016-05-25', '2016-05-25');
INSERT INTO `seats` VALUES ('245', '25', '2016-05-25', '20', '500', '10', '200', '2016-05-25', '2016-05-25');
INSERT INTO `seats` VALUES ('246', '26', '2016-05-25', '20', '500', '10', '200', '2016-05-25', '2016-05-25');
INSERT INTO `seats` VALUES ('247', '27', '2016-05-25', '20', '500', '10', '200', '2016-05-25', '2016-05-25');
INSERT INTO `seats` VALUES ('248', '28', '2016-05-25', '20', '500', '10', '200', '2016-05-25', '2016-05-25');
INSERT INTO `seats` VALUES ('249', '29', '2016-05-25', '20', '500', '10', '200', '2016-05-25', '2016-05-25');
INSERT INTO `seats` VALUES ('250', '1', '2016-07-01', '20', '500', '10', '200', '2016-07-01', '2016-07-01');
INSERT INTO `seats` VALUES ('251', '2', '2016-07-01', '20', '500', '10', '200', '2016-07-01', '2016-07-01');
INSERT INTO `seats` VALUES ('252', '3', '2016-07-01', '20', '500', '10', '200', '2016-07-01', '2016-07-01');
INSERT INTO `seats` VALUES ('253', '4', '2016-07-01', '20', '500', '10', '200', '2016-07-01', '2016-07-01');
INSERT INTO `seats` VALUES ('254', '5', '2016-07-01', '20', '500', '10', '200', '2016-07-01', '2016-07-01');
INSERT INTO `seats` VALUES ('255', '6', '2016-07-01', '20', '500', '10', '200', '2016-07-01', '2016-07-01');
INSERT INTO `seats` VALUES ('256', '7', '2016-07-01', '20', '500', '10', '200', '2016-07-01', '2016-07-01');
INSERT INTO `seats` VALUES ('257', '8', '2016-07-01', '20', '500', '10', '200', '2016-07-01', '2016-07-01');
INSERT INTO `seats` VALUES ('258', '9', '2016-07-01', '20', '500', '10', '200', '2016-07-01', '2016-07-01');
INSERT INTO `seats` VALUES ('259', '10', '2016-07-01', '20', '500', '10', '200', '2016-07-01', '2016-07-01');
INSERT INTO `seats` VALUES ('260', '11', '2016-07-01', '20', '500', '10', '200', '2016-07-01', '2016-07-01');
INSERT INTO `seats` VALUES ('261', '12', '2016-07-01', '20', '500', '10', '200', '2016-07-01', '2016-07-01');
INSERT INTO `seats` VALUES ('262', '13', '2016-07-01', '20', '500', '10', '200', '2016-07-01', '2016-07-01');
INSERT INTO `seats` VALUES ('263', '14', '2016-07-01', '20', '500', '10', '200', '2016-07-01', '2016-07-01');
INSERT INTO `seats` VALUES ('264', '15', '2016-07-01', '20', '500', '10', '200', '2016-07-01', '2016-07-01');
INSERT INTO `seats` VALUES ('265', '16', '2016-07-01', '20', '500', '10', '200', '2016-07-01', '2016-07-01');
INSERT INTO `seats` VALUES ('266', '17', '2016-07-01', '20', '500', '10', '200', '2016-07-01', '2016-07-01');
INSERT INTO `seats` VALUES ('267', '18', '2016-07-01', '20', '500', '10', '200', '2016-07-01', '2016-07-01');
INSERT INTO `seats` VALUES ('268', '19', '2016-07-01', '20', '500', '10', '200', '2016-07-01', '2016-07-01');
INSERT INTO `seats` VALUES ('269', '20', '2016-07-01', '20', '500', '10', '200', '2016-07-01', '2016-07-01');
INSERT INTO `seats` VALUES ('270', '21', '2016-07-01', '20', '500', '10', '200', '2016-07-01', '2016-07-01');
INSERT INTO `seats` VALUES ('271', '22', '2016-07-01', '20', '500', '10', '200', '2016-07-01', '2016-07-01');
INSERT INTO `seats` VALUES ('272', '23', '2016-07-01', '20', '500', '10', '200', '2016-07-01', '2016-07-01');
INSERT INTO `seats` VALUES ('273', '24', '2016-07-01', '20', '500', '10', '200', '2016-07-01', '2016-07-01');
INSERT INTO `seats` VALUES ('274', '25', '2016-07-01', '20', '500', '10', '200', '2016-07-01', '2016-07-01');
INSERT INTO `seats` VALUES ('275', '26', '2016-07-01', '20', '500', '10', '200', '2016-07-01', '2016-07-01');
INSERT INTO `seats` VALUES ('276', '27', '2016-07-01', '20', '500', '10', '200', '2016-07-01', '2016-07-01');
INSERT INTO `seats` VALUES ('277', '28', '2016-07-01', '20', '500', '10', '200', '2016-07-01', '2016-07-01');
INSERT INTO `seats` VALUES ('278', '29', '2016-07-01', '20', '500', '10', '200', '2016-07-01', '2016-07-01');
INSERT INTO `seats` VALUES ('279', '30', '2016-05-23', '20', '500', '10', '200', '2016-07-01', '2016-07-01');
INSERT INTO `seats` VALUES ('280', '23', '2016-05-23', '20', '500', '10', '200', '2016-07-01', '2016-07-01');
INSERT INTO `seats` VALUES ('281', '24', '2016-05-23', '20', '500', '10', '200', '2016-07-01', '2016-07-01');
INSERT INTO `seats` VALUES ('282', '25', '2016-05-23', '20', '500', '10', '200', '2016-07-01', '2016-07-01');
INSERT INTO `seats` VALUES ('283', '26', '2016-05-23', '20', '500', '10', '200', '2016-07-01', '2016-07-01');
INSERT INTO `seats` VALUES ('284', '27', '2016-05-23', '20', '500', '10', '200', '2016-07-01', '2016-07-01');
INSERT INTO `seats` VALUES ('285', '28', '2016-05-23', '20', '500', '10', '200', '2016-07-01', '2016-07-01');
INSERT INTO `seats` VALUES ('286', '29', '2016-05-23', '20', '500', '10', '200', '2016-07-01', '2016-07-01');
INSERT INTO `seats` VALUES ('287', '1', '2016-07-02', '20', '500', '10', '200', '2016-07-01', '2016-07-01');
INSERT INTO `seats` VALUES ('288', '2', '2016-07-02', '20', '500', '10', '200', '2016-07-01', '2016-07-01');
INSERT INTO `seats` VALUES ('289', '3', '2016-07-02', '20', '500', '10', '200', '2016-07-01', '2016-07-01');
INSERT INTO `seats` VALUES ('290', '4', '2016-07-02', '20', '500', '10', '200', '2016-07-01', '2016-07-01');
INSERT INTO `seats` VALUES ('291', '5', '2016-07-02', '20', '500', '10', '200', '2016-07-01', '2016-07-01');
INSERT INTO `seats` VALUES ('292', '6', '2016-07-02', '20', '500', '10', '200', '2016-07-01', '2016-07-01');
INSERT INTO `seats` VALUES ('293', '7', '2016-07-02', '20', '500', '10', '200', '2016-07-01', '2016-07-01');
INSERT INTO `seats` VALUES ('294', '8', '2016-07-02', '20', '500', '10', '200', '2016-07-01', '2016-07-01');
INSERT INTO `seats` VALUES ('295', '9', '2016-07-02', '20', '500', '10', '200', '2016-07-01', '2016-07-01');
INSERT INTO `seats` VALUES ('296', '10', '2016-07-02', '20', '500', '10', '200', '2016-07-01', '2016-07-01');
INSERT INTO `seats` VALUES ('297', '11', '2016-07-02', '20', '500', '10', '200', '2016-07-01', '2016-07-01');
INSERT INTO `seats` VALUES ('298', '12', '2016-07-02', '20', '500', '10', '200', '2016-07-01', '2016-07-01');
INSERT INTO `seats` VALUES ('299', '13', '2016-07-02', '20', '500', '10', '200', '2016-07-01', '2016-07-01');
INSERT INTO `seats` VALUES ('300', '14', '2016-07-02', '20', '500', '10', '200', '2016-07-01', '2016-07-01');
INSERT INTO `seats` VALUES ('301', '15', '2016-07-02', '20', '500', '10', '200', '2016-07-01', '2016-07-01');
INSERT INTO `seats` VALUES ('302', '16', '2016-07-02', '20', '500', '10', '200', '2016-07-01', '2016-07-01');
INSERT INTO `seats` VALUES ('303', '17', '2016-07-02', '20', '500', '10', '200', '2016-07-01', '2016-07-01');
INSERT INTO `seats` VALUES ('304', '18', '2016-07-02', '20', '500', '10', '200', '2016-07-01', '2016-07-01');
INSERT INTO `seats` VALUES ('305', '19', '2016-07-02', '20', '500', '10', '200', '2016-07-01', '2016-07-01');
INSERT INTO `seats` VALUES ('306', '20', '2016-07-02', '20', '500', '10', '200', '2016-07-01', '2016-07-01');
INSERT INTO `seats` VALUES ('307', '21', '2016-07-02', '20', '500', '10', '200', '2016-07-01', '2016-07-01');
INSERT INTO `seats` VALUES ('308', '30', '2016-07-02', '20', '500', '10', '200', '2016-07-01', '2016-07-01');
INSERT INTO `seats` VALUES ('309', '22', '2016-07-02', '20', '500', '10', '200', '2016-07-01', '2016-07-01');
INSERT INTO `seats` VALUES ('310', '23', '2016-07-02', '20', '500', '10', '200', '2016-07-01', '2016-07-01');
INSERT INTO `seats` VALUES ('311', '24', '2016-07-02', '20', '500', '10', '200', '2016-07-01', '2016-07-01');
INSERT INTO `seats` VALUES ('312', '25', '2016-07-02', '20', '500', '10', '200', '2016-07-01', '2016-07-01');
INSERT INTO `seats` VALUES ('313', '26', '2016-07-02', '20', '500', '10', '200', '2016-07-01', '2016-07-01');
INSERT INTO `seats` VALUES ('314', '27', '2016-07-02', '20', '500', '10', '200', '2016-07-01', '2016-07-01');
INSERT INTO `seats` VALUES ('315', '28', '2016-07-02', '20', '500', '10', '200', '2016-07-01', '2016-07-01');
INSERT INTO `seats` VALUES ('316', '29', '2016-07-02', '20', '500', '10', '200', '2016-07-01', '2016-07-01');

-- ----------------------------
-- Table structure for station
-- ----------------------------
DROP TABLE IF EXISTS `station`;
CREATE TABLE `station` (
  `id` int(11) NOT NULL AUTO_INCREMENT,
  `name` varchar(32) DEFAULT NULL,
  `createdAt` date DEFAULT NULL,
  `updatedAt` date DEFAULT NULL,
  PRIMARY KEY (`id`)
) ENGINE=InnoDB AUTO_INCREMENT=12 DEFAULT CHARSET=utf8;

-- ----------------------------
-- Records of station
-- ----------------------------
INSERT INTO `station` VALUES ('1', '上海', '2016-04-06', '2016-04-06');
INSERT INTO `station` VALUES ('2', '上海虹桥', '2016-04-06', '2016-04-06');
INSERT INTO `station` VALUES ('3', '昆山南', '2016-04-06', '2016-04-06');
INSERT INTO `station` VALUES ('4', '苏州', '2016-04-06', '2016-04-06');
INSERT INTO `station` VALUES ('5', '无锡新区', '2016-04-06', '2016-04-06');
INSERT INTO `station` VALUES ('6', '无锡', '2016-04-06', '2016-04-06');
INSERT INTO `station` VALUES ('7', '常州', '2016-04-06', '2016-04-06');
INSERT INTO `station` VALUES ('8', '丹阳', '2016-04-06', '2016-04-06');
INSERT INTO `station` VALUES ('9', '镇江', '2016-04-06', '2016-04-06');
INSERT INTO `station` VALUES ('10', '南京南', '2016-04-06', '2016-05-21');
INSERT INTO `station` VALUES ('11', '南京', '2016-04-06', '2016-05-21');

-- ----------------------------
-- Table structure for train
-- ----------------------------
DROP TABLE IF EXISTS `train`;
CREATE TABLE `train` (
  `id` int(11) NOT NULL AUTO_INCREMENT,
  `name` varchar(32) DEFAULT NULL,
  `createdAt` date DEFAULT NULL,
  `updatedAt` date DEFAULT NULL,
  PRIMARY KEY (`id`)
) ENGINE=InnoDB AUTO_INCREMENT=8 DEFAULT CHARSET=utf8;

-- ----------------------------
-- Records of train
-- ----------------------------
INSERT INTO `train` VALUES ('1', 'G7032', '2016-04-23', '2016-05-21');
INSERT INTO `train` VALUES ('2', 'G7034', '2016-05-04', '2016-05-21');
INSERT INTO `train` VALUES ('3', 'G7244', '2016-05-21', '2016-05-21');
INSERT INTO `train` VALUES ('4', 'G7046', '2016-05-21', '2016-05-21');
INSERT INTO `train` VALUES ('5', 'G7297', '2016-05-25', '2016-05-25');
INSERT INTO `train` VALUES ('6', 'G8888', '2016-07-01', '2016-07-01');
INSERT INTO `train` VALUES ('7', 'G9999', '2016-07-01', '2016-07-01');
